Div,Date,Time,HomeTeam,AwayTeam,FTHG,FTAG,FTR,WHH,WHD,WHA
SP1,03/04/2026,20:00,Vallecano,Elche,1,0,H,1.75,3.6,4.6
SP1,04/04/2026,13:00,Sociedad,Levante,2,0,H,1.57,4.0,5.0
SP1,04/04/2026,15:15,Mallorca,Real Madrid,2,1,H,5.0,4.2,1.55
SP1,04/04/2026,17:30,Betis,Espanol,0,0,D,1.8,3.7,4.2
SP1,04/04/2026,20:00,Ath Madrid,Barcelona,1,2,A,3.2,3.9,2.0
SP1,05/04/2026,13:00,Getafe,Ath Bilbao,2,0,H,3.3,2.75,2.5
SP1,05/04/2026,15:15,Valencia,Celta,2,3,A,2.38,3.1,3.0
SP1,05/04/2026,17:30,Oviedo,Sevilla,1,0,H,2.8,2.88,2.75
SP1,05/04/2026,20:00,Alaves,Osasuna,2,2,D,2.7,3.0,2.7
SP1,06/04/2026,20:00,Girona,Villarreal,1,0,H,2.9,3.4,2.3
SP1,10/04/2026,20:00,Real Madrid,Girona,1,1,D,1.3,5.5,8.0
SP1,11/04/2026,13:00,Sociedad,Alaves,3,3,D,1.8,3.5,4.2
SP1,11/04/2026,15:15,Elche,Valencia,1,0,H,2.5,3.3,2.62
SP1,11/04/2026,17:30,Barcelona,Espanol,4,1,H,1.3,5.0,8.0
SP1,11/04/2026,20:00,Sevilla,Ath Madrid,2,1,H,2.2,3.3,3.1
SP1,12/04/2026,13:00,Osasuna,Betis,1,1,D,2.3,3.1,3.0
SP1,12/04/2026,15:15,Mallorca,Vallecano,3,0,H,2.38,3.1,2.9
SP1,12/04/2026,17:30,Celta,Oviedo,0,3,A,1.75,3.4,4.8
SP1,12/04/2026,20:00,Ath Bilbao,Villarreal,1,2,A,2.05,3.25,3.5
SP1,13/04/2026,20:00,Levante,Getafe,1,0,H,2.62,2.8,2.9
SP1,21/04/2026,20:30,Real Madrid,Alaves,2,1,H,1.2,7.0,11.0
SP1,21/04/2026,20:30,Girona,Betis,2,3,A,2.4,3.2,2.8
SP1,21/04/2026,18:00,Ath Bilbao,Osasuna,1,0,H,1.85,3.3,4.2
SP1,21/04/2026,18:00,Mallorca,Valencia,1,1,D,2.62,3.1,2.62
SP1,22/04/2026,18:00,Elche,Ath Madrid,3,2,H,2.38,3.4,2.8
SP1,22/04/2026,19:00,Sociedad,Getafe,0,1,A,2.2,3.1,3.4
SP1,22/04/2026,20:30,Barcelona,Celta,1,0,H,1.22,6.0,9.5
SP1,23/04/2026,18:00,Levante,Sevilla,2,0,H,2.4,3.2,2.9
SP1,23/04/2026,19:00,Vallecano,Espanol,1,0,H,2.1,3.3,3.3
SP1,23/04/2026,20:30,Oviedo,Villarreal,1,1,D,3.1,3.4,2.15
SP1,24/04/2026,20:00,Betis,Real Madrid,1,1,D,3.6,3.9,1.85
SP1,25/04/2026,15:15,Getafe,Barcelona,0,2,A,5.5,3.75,1.62
SP1,25/04/2026,20:00,Ath Madrid,Ath Bilbao,3,2,H,1.91,3.5,3.6
SP1,25/04/2026,13:00,Alaves,Mallorca,2,1,H,2.05,3.3,3.4
SP1,25/04/2026,17:30,Valencia,Girona,2,1,H,2.3,3.25,3.0
SP1,26/04/2026,20:00,Villarreal,Celta,2,1,H,1.85,3.75,3.6
SP1,26/04/2026,13:00,Vallecano,Sociedad,3,3,D,2.62,3.25,2.6
SP1,26/04/2026,15:15,Oviedo,Elche,1,2,A,2.2,3.25,3.25
SP1,26/04/2026,17:30,Osasuna,Sevilla,2,1,H,1.91,3.3,4.0
SP1,27/04/2026,20:00,Espanol,Levante,0,0,D,2.05,3.25,3.5
SP1,01/05/2026,20:00,Girona,Mallorca,0,1,A,1.91,3.4,3.9
SP1,02/05/2026,17:30,Alaves,Ath Bilbao,2,4,A,2.75,3.1,2.5
SP1,02/05/2026,20:00,Osasuna,Barcelona,1,2,A,4.5,3.9,1.67
SP1,02/05/2026,13:00,Villarreal,Levante,5,1,H,1.75,3.9,4.0
SP1,02/05/2026,15:15,Valencia,Ath Madrid,0,2,A,1.7,3.7,4.6
SP1,03/05/2026,13:00,Celta,Elche,3,1,H,1.7,3.7,4.5
SP1,03/05/2026,15:15,Getafe,Vallecano,0,2,A,2.05,2.9,4.0
SP1,03/05/2026,17:30,Betis,Oviedo,3,0,H,1.57,4.0,5.5
SP1,03/05/2026,20:00,Espanol,Real Madrid,0,2,A,3.9,3.8,1.8
SP1,04/05/2026,20:00,Sevilla,Sociedad,1,0,H,2.3,3.1,3.0
SP1,08/05/2026,20:00,Levante,Osasuna,3,2,H,2.5,3.2,2.75
SP1,09/05/2026,20:00,Sociedad,Betis,2,2,D,2.62,3.4,2.5
SP1,09/05/2026,17:30,Ath Madrid,Celta,0,1,A,1.8,3.7,4.0
SP1,09/05/2026,13:00,Elche,Alaves,1,1,D,2.2,3.3,3.1
SP1,09/05/2026,15:15,Sevilla,Espanol,2,1,H,2.0,3.1,4.0
SP1,10/05/2026,13:00,Mallorca,Villarreal,1,1,D,2.45,3.4,2.75
SP1,10/05/2026,15:15,Ath Bilbao,Valencia,0,1,A,1.67,3.6,5.0
SP1,10/05/2026,17:30,Oviedo,Getafe,0,0,D,2.8,2.8,2.8
SP1,10/05/2026,20:00,Barcelona,Real Madrid,2,0,H,1.67,4.4,4.0
SP1,11/05/2026,20:00,Vallecano,Girona,1,1,D,2.2,3.1,3.25
SP1,12/05/2026,20:30,Osasuna,Ath Madrid,1,2,A,2.62,3.25,2.5
SP1,12/05/2026,18:00,Celta,Levante,2,3,A,1.91,3.5,3.8
SP1,12/05/2026,19:00,Betis,Elche,2,1,H,1.62,4.0,5.0
SP1,13/05/2026,20:30,Alaves,Barcelona,1,0,H,3.0,3.5,2.15
SP1,13/05/2026,20:30,Getafe,Mallorca,3,1,H,2.3,2.8,3.4
SP1,13/05/2026,18:00,Espanol,Ath Bilbao,2,0,H,2.8,2.75,2.8
SP1,13/05/2026,18:00,Villarreal,Sevilla,2,3,A,2.1,3.4,3.25
SP1,14/05/2026,18:00,Valencia,Vallecano,1,1,D,2.2,3.0,3.4
SP1,14/05/2026,19:00,Girona,Sociedad,1,1,D,1.95,3.5,3.6
SP1,14/05/2026,20:30,Real Madrid,Oviedo,2,0,H,1.25,6.0,10.0
SP1,17/05/2026,20:15,Barcelona,Betis,3,1,H,1.33,5.5,7.5
SP1,17/05/2026,18:00,Vallecano,Villarreal,2,0,H,2.0,3.5,3.4
SP1,17/05/2026,18:00,Sevilla,Real Madrid,0,1,A,3.6,3.5,1.95
SP1,17/05/2026,18:00,Oviedo,Alaves,0,1,A,3.6,3.1,2.1
SP1,17/05/2026,18:00,Sociedad,Valencia,3,4,A,2.45,3.25,2.8
SP1,17/05/2026,18:00,Levante,Mallorca,2,0,H,2.05,3.25,3.6
SP1,17/05/2026,18:00,Elche,Getafe,1,0,H,2.3,2.8,3.5
SP1,17/05/2026,18:00,Ath Madrid,Girona,1,0,H,1.8,3.6,4.2
SP1,17/05/2026,18:00,Ath Bilbao,Celta,1,1,D,2.15,3.1,3.5
SP1,17/05/2026,18:00,Osasuna,Espanol,1,2,A,2.15,3.0,3.6
SP1,23/05/2026,20:00,Valencia,Barcelona,3,1,H,3.5,3.9,1.91
SP1,23/05/2026,20:00,Alaves,Vallecano,1,2,A,2.1,3.1,3.6
SP1,23/05/2026,20:00,Betis,Levante,2,1,H,2.3,3.6,2.75
SP1,23/05/2026,20:00,Celta,Sevilla,1,0,H,1.85,3.3,4.5
SP1,23/05/2026,20:00,Espanol,Sociedad,1,1,D,2.4,3.4,2.75
SP1,23/05/2026,20:00,Getafe,Osasuna,1,0,H,2.9,2.5,2.9
SP1,23/05/2026,20:00,Girona,Elche,1,1,D,1.8,3.6,4.2
SP1,23/05/2026,20:00,Mallorca,Oviedo,3,0,H,1.44,4.2,6.5
SP1,23/05/2026,20:00,Real Madrid,Ath Bilbao,4,2,H,1.57,4.4,5.0
SP1,24/05/2026,20:00,Villarreal,Ath Madrid,5,1,H,2.5,3.7,2.5
